-- MySQL dump 10.13  Distrib 9.6.0, for macos15 (arm64)
--
-- Host: localhost    Database: Microsoft_emp
-- ------------------------------------------------------
-- Server version	9.6.0

/*!40101 SET @OLD_CHARACTER_SET_CLIENT=@@CHARACTER_SET_CLIENT */;
/*!40101 SET @OLD_CHARACTER_SET_RESULTS=@@CHARACTER_SET_RESULTS */;
/*!40101 SET @OLD_COLLATION_CONNECTION=@@COLLATION_CONNECTION */;
/*!50503 SET NAMES utf8mb4 */;
/*!40103 SET @OLD_TIME_ZONE=@@TIME_ZONE */;
/*!40103 SET TIME_ZONE='+00:00' */;
/*!40014 SET @OLD_UNIQUE_CHECKS=@@UNIQUE_CHECKS, UNIQUE_CHECKS=0 */;
/*!40014 SET @OLD_FOREIGN_KEY_CHECKS=@@FOREIGN_KEY_CHECKS, FOREIGN_KEY_CHECKS=0 */;
/*!40101 SET @OLD_SQL_MODE=@@SQL_MODE, SQL_MODE='NO_AUTO_VALUE_ON_ZERO' */;
/*!40111 SET @OLD_SQL_NOTES=@@SQL_NOTES, SQL_NOTES=0 */;
SET @MYSQLDUMP_TEMP_LOG_BIN = @@SESSION.SQL_LOG_BIN;
SET @@SESSION.SQL_LOG_BIN= 0;

--
-- GTID state at the beginning of the backup 
--

SET @@GLOBAL.GTID_PURGED=/*!80000 '+'*/ '31564a56-0c79-11f1-b27b-a034220fe54f:1-336';

--
-- Table structure for table `attendance`
--

DROP TABLE IF EXISTS `attendance`;
/*!40101 SET @saved_cs_client     = @@character_set_client */;
/*!50503 SET character_set_client = utf8mb4 */;
CREATE TABLE `attendance` (
  `id` int NOT NULL AUTO_INCREMENT,
  `employee_id` int DEFAULT NULL,
  `date` date DEFAULT NULL,
  `check_in` time DEFAULT NULL,
  `check_out` time DEFAULT NULL,
  `status` enum('present','absent','leave') DEFAULT NULL,
  PRIMARY KEY (`id`),
  KEY `employee_id` (`employee_id`),
  CONSTRAINT `attendance_ibfk_1` FOREIGN KEY (`employee_id`) REFERENCES `employees` (`id`)
) ENGINE=InnoDB AUTO_INCREMENT=201 DEFAULT CHARSET=utf8mb4 COLLATE=utf8mb4_0900_ai_ci;
/*!40101 SET character_set_client = @saved_cs_client */;

--
-- Dumping data for table `attendance`
--

LOCK TABLES `attendance` WRITE;
/*!40000 ALTER TABLE `attendance` DISABLE KEYS */;
INSERT INTO `attendance` VALUES (1,113,'2026-02-12','16:38:00','08:53:04','leave'),(2,122,'2026-02-04','08:31:17','15:59:56','leave'),(3,86,'2026-01-31','09:01:19','22:18:44','absent'),(4,111,'2026-02-08','10:43:43','02:57:17','present'),(5,39,'2026-03-30','12:17:54','16:47:35','leave'),(6,163,'2026-01-08','10:48:03','21:47:42','absent'),(7,115,'2026-01-21','22:52:50','08:58:08','absent'),(8,163,'2026-01-29','03:04:23','03:54:34','leave'),(9,36,'2026-03-05','04:49:59','18:49:39','absent'),(10,114,'2026-03-27','01:36:44','01:44:05','present'),(11,121,'2026-02-23','20:02:19','00:49:46','leave'),(12,146,'2026-02-20','08:54:14','17:25:03','absent'),(13,85,'2026-03-22','10:35:54','13:49:16','absent'),(14,74,'2026-02-15','02:28:47','09:54:15','absent'),(15,150,'2026-03-26','07:16:32','12:21:14','leave'),(16,62,'2026-01-29','00:47:47','07:37:41','absent'),(17,159,'2026-03-21','21:18:08','00:20:31','leave'),(18,121,'2026-01-06','12:30:55','16:22:26','present'),(19,188,'2026-02-22','22:32:38','11:44:43','absent'),(20,46,'2026-01-07','16:25:39','12:40:12','present'),(21,135,'2026-03-07','07:14:02','14:49:26','present'),(22,194,'2026-03-09','19:52:02','08:51:22','absent'),(23,99,'2026-03-01','02:05:19','03:15:21','leave'),(24,78,'2026-01-10','14:54:29','09:02:26','present'),(25,16,'2026-01-28','21:32:02','14:48:02','present'),(26,7,'2026-03-12','11:25:26','05:46:34','leave'),(27,25,'2026-03-14','15:57:51','23:21:30','present'),(28,116,'2026-01-18','11:08:13','07:53:32','leave'),(29,193,'2026-03-31','15:20:14','22:27:17','leave'),(30,15,'2026-01-09','05:43:38','01:51:59','absent'),(31,198,'2026-03-10','06:54:34','15:10:09','present'),(32,143,'2026-03-09','22:19:12','12:58:30','leave'),(33,76,'2026-01-07','13:36:17','07:40:36','leave'),(34,78,'2026-03-07','13:57:40','15:31:07','leave'),(35,131,'2026-01-09','02:56:44','15:10:04','present'),(36,171,'2026-01-09','06:42:52','11:06:27','absent'),(37,189,'2026-02-16','05:16:56','06:10:14','leave'),(38,154,'2026-01-04','21:28:08','14:27:58','leave'),(39,190,'2026-03-07','16:14:43','16:09:35','present'),(40,100,'2026-02-16','23:48:07','00:49:35','absent'),(41,166,'2026-03-28','09:49:17','00:41:12','present'),(42,90,'2026-01-27','03:47:37','13:18:34','leave'),(43,88,'2026-02-01','22:22:42','00:50:42','absent'),(44,195,'2026-01-17','21:48:04','23:43:26','absent'),(45,182,'2026-02-19','11:51:01','08:20:02','leave'),(46,5,'2026-01-24','15:58:04','20:57:13','present'),(47,147,'2026-03-24','19:21:55','13:30:40','leave'),(48,6,'2026-02-16','16:39:16','02:43:11','leave'),(49,11,'2026-01-05','14:48:47','19:59:57','absent'),(50,110,'2026-03-11','02:51:22','17:44:45','absent'),(51,68,'2026-03-05','22:28:35','09:16:28','present'),(52,88,'2026-02-11','01:54:21','00:15:05','present'),(53,117,'2026-02-07','05:14:55','13:54:47','absent'),(54,78,'2026-03-04','10:44:49','06:44:28','leave'),(55,25,'2026-03-16','22:28:22','21:49:20','absent'),(56,76,'2026-01-30','12:08:31','06:02:35','present'),(57,27,'2026-01-06','20:23:09','17:47:57','present'),(58,191,'2026-02-21','05:44:18','21:28:30','present'),(59,61,'2026-03-15','12:59:46','16:25:23','leave'),(60,10,'2026-03-17','07:59:01','09:43:59','leave'),(61,171,'2026-03-26','05:33:27','06:58:07','leave'),(62,66,'2026-03-05','00:38:21','10:24:07','leave'),(63,146,'2026-01-14','09:13:53','11:53:05','leave'),(64,185,'2026-02-12','07:44:19','01:10:28','present'),(65,148,'2026-01-28','09:14:33','16:03:24','present'),(66,160,'2026-01-03','23:39:38','19:07:08','leave'),(67,165,'2026-01-04','19:54:20','08:31:22','leave'),(68,21,'2026-03-03','23:54:29','18:55:02','leave'),(69,164,'2026-01-18','10:06:50','10:59:12','leave'),(70,103,'2026-02-02','00:13:50','07:14:50','present'),(71,45,'2026-01-27','07:53:37','13:37:30','leave'),(72,50,'2026-02-03','04:11:23','00:13:48','present'),(73,52,'2026-02-15','13:27:52','01:14:53','leave'),(74,56,'2026-01-16','14:54:35','14:24:58','leave'),(75,37,'2026-01-09','22:39:30','10:50:18','absent'),(76,124,'2026-02-16','08:26:54','20:24:24','absent'),(77,10,'2026-02-07','03:55:47','09:08:25','present'),(78,116,'2026-02-07','05:52:53','21:26:56','present'),(79,57,'2026-03-04','03:06:41','10:49:10','absent'),(80,13,'2026-01-19','08:07:42','20:39:55','present'),(81,98,'2026-02-19','03:04:24','00:35:03','present'),(82,88,'2026-03-06','11:13:31','05:40:00','absent'),(83,15,'2026-02-13','15:16:32','22:01:32','absent'),(84,46,'2026-01-28','11:29:34','07:19:34','absent'),(85,34,'2026-02-16','06:16:28','05:23:13','absent'),(86,92,'2026-02-17','19:46:12','06:15:53','absent'),(87,61,'2026-02-09','17:13:55','14:49:42','present'),(88,14,'2026-01-12','03:06:44','22:49:32','absent'),(89,191,'2026-01-28','09:18:11','20:06:58','leave'),(90,168,'2026-02-14','06:55:13','16:35:44','absent'),(91,136,'2026-02-24','15:06:03','07:14:54','present'),(92,103,'2026-01-13','16:37:41','00:07:47','present'),(93,100,'2026-04-02','08:41:55','19:37:04','present'),(94,47,'2026-01-08','23:58:46','14:18:02','present'),(95,59,'2026-01-10','23:10:45','12:52:31','present'),(96,17,'2026-01-11','11:29:32','09:48:57','leave'),(97,112,'2026-02-13','07:57:09','10:43:07','present'),(98,78,'2026-01-12','17:28:03','09:42:40','absent'),(99,47,'2026-02-05','06:50:31','12:24:23','leave'),(100,101,'2026-02-11','22:05:16','01:31:33','leave'),(101,81,'2026-02-02','17:25:33','03:05:07','absent'),(102,97,'2026-03-27','00:46:39','23:29:31','absent'),(103,131,'2026-03-16','05:44:31','16:07:12','present'),(104,166,'2026-02-14','07:23:25','03:42:02','leave'),(105,114,'2026-03-09','22:19:44','16:54:52','present'),(106,22,'2026-03-08','00:30:08','04:15:34','present'),(107,71,'2026-03-13','10:03:24','03:25:57','present'),(108,136,'2026-03-20','15:37:17','06:30:26','present'),(109,188,'2026-02-01','05:22:47','20:44:04','leave'),(110,126,'2026-02-09','13:05:05','22:45:02','leave'),(111,19,'2026-03-18','09:22:03','13:45:51','present'),(112,74,'2026-01-26','08:12:31','02:01:51','absent'),(113,148,'2026-02-08','18:31:15','14:37:28','present'),(114,186,'2026-03-22','15:54:38','13:36:51','leave'),(115,115,'2026-01-25','22:39:29','11:28:00','leave'),(116,144,'2026-01-18','10:43:12','22:53:54','leave'),(117,23,'2026-03-17','07:32:38','15:37:14','absent'),(118,101,'2026-01-11','14:14:40','21:31:05','leave'),(119,109,'2026-01-02','02:04:19','02:41:17','present'),(120,49,'2026-01-02','03:50:10','12:01:26','leave'),(121,195,'2026-03-19','07:53:33','09:50:45','present'),(122,104,'2026-01-12','08:15:48','07:43:51','absent'),(123,29,'2026-03-12','04:57:07','18:27:18','absent'),(124,32,'2026-01-20','04:16:12','19:51:48','absent'),(125,15,'2026-02-06','06:26:49','10:40:33','present'),(126,102,'2026-01-28','20:51:58','21:35:05','present'),(127,94,'2026-02-11','19:27:14','00:02:59','present'),(128,16,'2026-01-13','11:58:15','08:14:17','leave'),(129,108,'2026-02-17','01:52:55','06:49:11','present'),(130,187,'2026-03-21','01:45:08','01:02:54','present'),(131,103,'2026-03-27','10:20:56','23:53:34','absent'),(132,12,'2026-01-21','18:02:57','01:19:19','absent'),(133,94,'2026-02-06','22:11:40','14:37:43','present'),(134,188,'2026-03-29','03:18:57','17:55:23','present'),(135,133,'2026-02-18','09:49:17','06:12:02','absent'),(136,27,'2026-01-16','14:33:16','14:02:42','absent'),(137,123,'2026-03-03','21:33:10','06:12:03','present'),(138,72,'2026-02-15','06:16:03','14:18:36','absent'),(139,51,'2026-02-12','13:53:13','02:00:57','leave'),(140,123,'2026-03-09','06:43:01','09:31:13','leave'),(141,118,'2026-02-26','23:40:48','20:56:53','leave'),(142,103,'2026-02-21','03:14:09','14:48:08','absent'),(143,130,'2026-01-03','09:09:28','19:20:00','leave'),(144,45,'2026-01-25','08:23:26','05:00:03','leave'),(145,28,'2026-02-19','04:01:17','19:41:25','leave'),(146,62,'2026-01-14','01:53:20','04:42:51','present'),(147,78,'2026-02-21','14:02:05','22:09:38','absent'),(148,145,'2026-03-06','00:46:17','02:11:26','absent'),(149,66,'2026-01-23','22:41:49','17:26:14','leave'),(150,24,'2026-02-04','21:46:16','00:20:46','present'),(151,180,'2026-03-29','00:29:08','13:17:53','present'),(152,169,'2026-01-05','13:55:19','22:10:52','leave'),(153,84,'2026-01-31','20:52:32','16:36:11','present'),(154,175,'2026-02-22','09:16:55','06:28:40','absent'),(155,48,'2026-01-04','07:59:50','11:44:34','present'),(156,200,'2026-03-05','01:35:13','21:35:34','present'),(157,176,'2026-03-14','04:33:14','22:34:19','leave'),(158,188,'2026-01-04','14:08:16','02:17:06','absent'),(159,21,'2026-03-20','20:33:13','11:14:13','leave'),(160,132,'2026-02-08','16:37:55','02:03:20','present'),(161,87,'2026-01-20','15:44:29','00:27:17','leave'),(162,182,'2026-01-31','22:17:41','11:43:21','leave'),(163,28,'2026-03-21','18:35:29','12:43:14','leave'),(164,52,'2026-03-06','13:55:25','04:38:08','absent'),(165,5,'2026-03-12','06:56:49','00:41:11','absent'),(166,1,'2026-02-11','13:14:47','21:26:06','leave'),(167,21,'2026-02-01','18:25:39','20:03:32','present'),(168,181,'2026-03-02','12:39:25','02:30:57','leave'),(169,38,'2026-01-08','11:04:37','03:53:32','present'),(170,179,'2026-02-18','23:31:47','10:24:39','present'),(171,160,'2026-01-13','12:31:59','08:11:47','leave'),(172,172,'2026-01-15','09:49:19','00:08:03','absent'),(173,96,'2026-01-07','13:08:46','15:48:20','leave'),(174,80,'2026-01-27','00:11:54','11:45:41','absent'),(175,72,'2026-02-17','09:06:01','10:07:18','absent'),(176,111,'2026-02-16','06:00:43','05:17:42','leave'),(177,172,'2026-02-11','03:07:23','06:14:13','leave'),(178,11,'2026-01-22','17:24:15','17:27:21','absent'),(179,52,'2026-03-09','02:41:15','12:23:10','present'),(180,97,'2026-01-29','20:43:01','16:07:14','leave'),(181,45,'2026-03-01','19:00:11','15:32:09','present'),(182,34,'2026-03-21','02:46:04','07:19:17','present'),(183,45,'2026-01-19','18:51:50','04:22:11','leave'),(184,176,'2026-02-01','09:27:25','04:49:25','absent'),(185,116,'2026-03-01','11:45:25','19:59:50','present'),(186,92,'2026-01-24','03:45:59','00:40:13','present'),(187,30,'2026-03-31','22:45:18','22:49:25','absent'),(188,157,'2026-03-27','03:54:58','10:33:06','absent'),(189,42,'2026-01-30','16:11:08','07:12:33','present'),(190,191,'2026-02-03','13:47:39','01:11:34','leave'),(191,159,'2026-01-13','08:40:53','20:28:06','leave'),(192,4,'2026-02-17','01:09:22','22:28:02','present'),(193,53,'2026-02-11','06:03:38','03:04:24','leave'),(194,104,'2026-01-05','12:04:13','18:05:46','present'),(195,80,'2026-04-02','12:41:08','17:39:08','absent'),(196,137,'2026-03-28','03:57:15','11:41:20','present'),(197,169,'2026-01-07','14:55:55','04:15:14','absent'),(198,86,'2026-03-08','02:59:34','00:23:23','present'),(199,64,'2026-01-17','14:47:42','15:52:20','absent'),(200,101,'2026-02-25','00:36:55','11:17:33','present');
/*!40000 ALTER TABLE `attendance` ENABLE KEYS */;
UNLOCK TABLES;

--
-- Table structure for table `departments`
--

DROP TABLE IF EXISTS `departments`;
/*!40101 SET @saved_cs_client     = @@character_set_client */;
/*!50503 SET character_set_client = utf8mb4 */;
CREATE TABLE `departments` (
  `id` int NOT NULL AUTO_INCREMENT,
  `name` varchar(100) DEFAULT NULL,
  `location` varchar(100) DEFAULT NULL,
  PRIMARY KEY (`id`),
  UNIQUE KEY `name` (`name`)
) ENGINE=InnoDB AUTO_INCREMENT=11 DEFAULT CHARSET=utf8mb4 COLLATE=utf8mb4_0900_ai_ci;
/*!40101 SET character_set_client = @saved_cs_client */;

--
-- Dumping data for table `departments`
--

LOCK TABLES `departments` WRITE;
/*!40000 ALTER TABLE `departments` DISABLE KEYS */;
INSERT INTO `departments` VALUES (1,'HR','New Brianfurt'),(2,'Engineering','Mcdanielshire'),(3,'Sales','Ramirezberg'),(4,'Marketing','West Deborah'),(5,'Finance','Port Christophermouth'),(6,'IT','Gilbertfort'),(7,'Operations','Joanburgh'),(8,'Legal','Rodriguezton'),(9,'Support','Cherylton'),(10,'R&D','South Tiffany');
/*!40000 ALTER TABLE `departments` ENABLE KEYS */;
UNLOCK TABLES;

--
-- Table structure for table `employees`
--

DROP TABLE IF EXISTS `employees`;
/*!40101 SET @saved_cs_client     = @@character_set_client */;
/*!50503 SET character_set_client = utf8mb4 */;
CREATE TABLE `employees` (
  `id` int NOT NULL AUTO_INCREMENT,
  `first_name` varchar(50) DEFAULT NULL,
  `last_name` varchar(50) DEFAULT NULL,
  `email` varchar(100) DEFAULT NULL,
  `phone` varchar(20) DEFAULT NULL,
  `department_id` int DEFAULT NULL,
  `role_id` int DEFAULT NULL,
  `manager_id` int DEFAULT NULL,
  `hire_date` date DEFAULT NULL,
  `salary` decimal(10,2) DEFAULT NULL,
  `status` enum('active','inactive','terminated') DEFAULT 'active',
  PRIMARY KEY (`id`),
  UNIQUE KEY `email` (`email`),
  KEY `department_id` (`department_id`),
  KEY `role_id` (`role_id`),
  KEY `manager_id` (`manager_id`),
  CONSTRAINT `employees_ibfk_1` FOREIGN KEY (`department_id`) REFERENCES `departments` (`id`),
  CONSTRAINT `employees_ibfk_2` FOREIGN KEY (`role_id`) REFERENCES `roles` (`id`),
  CONSTRAINT `employees_ibfk_3` FOREIGN KEY (`manager_id`) REFERENCES `employees` (`id`)
) ENGINE=InnoDB AUTO_INCREMENT=201 DEFAULT CHARSET=utf8mb4 COLLATE=utf8mb4_0900_ai_ci;
/*!40101 SET character_set_client = @saved_cs_client */;

--
-- Dumping data for table `employees`
--

LOCK TABLES `employees` WRITE;
/*!40000 ALTER TABLE `employees` DISABLE KEYS */;
INSERT INTO `employees` VALUES (1,'Emily','Ramsey','mcintoshjoseph@example.com','5573140419952',4,8,46,'2021-06-12',1677436.00,'active'),(2,'Michelle','Hull','robin24@example.com','3869954920',9,9,64,'2022-08-04',1048068.00,'active'),(3,'Jeffrey','Daniels','bpierce@example.org','001600442147840',9,6,58,'2024-09-10',1404455.00,'active'),(4,'Brent','Adams','qpowell@example.org','12555581818108',5,3,129,'2024-12-15',2060230.00,'active'),(5,'Alexandra','Hill','chloe11@example.com','5809250307307',10,1,84,'2021-07-10',1949176.00,'active'),(6,'Anne','Martin','shawncasey@example.net','682604236021265',6,5,178,'2023-10-19',1126825.00,'active'),(7,'Kimberly','Lynn','hamptonsydney@example.org','9892324559',8,4,193,'2026-03-18',1389767.00,'active'),(8,'Christopher','Holt','taylor70@example.net','2529849377',4,9,50,'2025-11-02',1935873.00,'active'),(9,'Elizabeth','Thompson','morrowrebecca@example.org','001981998936988',9,7,NULL,'2023-06-03',2177971.00,'active'),(10,'Michele','Robinson','bryanalexandria@example.net','703853737351192',4,8,68,'2024-09-15',2349496.00,'active'),(11,'Jeffrey','Hudson','gene07@example.com','8498884617785',9,4,53,'2023-02-03',2227186.00,'active'),(12,'Anthony','Schneider','kristin76@example.net','67797034974634',7,2,187,'2021-08-22',2228379.00,'active'),(13,'Cheryl','Carson','nicholas60@example.net','2615482412',7,8,136,'2021-08-20',1049973.00,'active'),(14,'Amanda','Richardson','kimberlygriffin@example.net','8128870873',9,10,190,'2024-05-16',2302138.00,'active'),(15,'Sean','Harris','brianandrews@example.net','33838879143233',3,3,43,'2025-02-20',1332176.00,'active'),(16,'Tiffany','Watkins','middletonpatrick@example.net','001318390345002',5,6,88,'2025-06-09',332612.00,'active'),(17,'Amanda','Ball','torrespamela@example.com','14232802765757',5,3,170,'2025-05-05',1181068.00,'active'),(18,'Alicia','Barker','whitemichael@example.org','937255027359998',8,4,6,'2021-11-29',1120654.00,'active'),(19,'Ann','Nash','ricardoevans@example.org','8233368711',8,8,36,'2023-11-03',2040201.00,'active'),(20,'Jeffrey','Gill','michael89@example.net','8078447419',7,4,164,'2025-04-08',1697261.00,'active'),(21,'Andrew','Carter','bgarza@example.com','001580643015842',2,7,64,'2023-08-07',974962.00,'active'),(22,'Michelle','Holt','courtney59@example.net','8143581792',7,10,142,'2024-09-19',2190018.00,'active'),(23,'Kim','Allen','kylecampbell@example.net','52338083310589',1,10,66,'2023-08-14',1217090.00,'active'),(24,'Rebecca','Fuller','nelsonphilip@example.org','5787128590',8,2,176,'2026-03-31',1290778.00,'active'),(25,'Sabrina','Clark','odawson@example.net','0017884129356',3,7,NULL,'2021-08-07',640343.00,'active'),(26,'Tasha','Reyes','graykristin@example.net','7485203211',6,9,44,'2023-11-29',732119.00,'active'),(27,'Alexander','Pace','lyonszachary@example.com','3304218848020',2,3,81,'2023-03-05',1953629.00,'active'),(28,'Lisa','Castro','gwright@example.com','3068080851',4,8,128,'2021-04-08',2133498.00,'active'),(29,'Adriana','Shepherd','kelly09@example.com','5416156852',9,8,87,'2024-12-30',1370990.00,'active'),(30,'Jay','Evans','lfranklin@example.org','001429749416374',10,6,NULL,'2023-06-12',1856583.00,'active'),(31,'Michelle','Harrington','hperez@example.net','3948424247851',4,8,183,'2023-07-30',1440713.00,'active'),(32,'Timothy','Bautista','danielle19@example.net','6112541407',4,7,41,'2023-09-09',413806.00,'active'),(33,'Lisa','Henry','matthew25@example.org','636550287276840',7,1,127,'2025-12-06',1808425.00,'active'),(34,'Amy','Adams','youngmary@example.org','001709233354333',2,5,122,'2021-10-30',1201942.00,'active'),(35,'Mark','Reed','kayla70@example.net','4493246390',4,6,151,'2024-10-12',1012304.00,'active'),(36,'Tara','Nguyen','buckleyrichard@example.com','540998917545955',9,4,184,'2024-06-19',1167695.00,'active'),(37,'Martha','Cannon','kevinmcgrath@example.com','9404670038',1,7,50,'2024-05-09',857514.00,'active'),(38,'Jessica','Gray','david94@example.net','19627388903309',9,8,179,'2023-09-14',1709151.00,'active'),(39,'Victor','Boyle','tuckerpatricia@example.org','4954500951',9,5,28,'2026-03-30',428908.00,'active'),(40,'Matthew','Montes','smithmichael@example.net','001451220829133',6,3,3,'2025-01-08',999323.00,'active'),(41,'Sara','Smith','jason22@example.org','59295369728099',1,9,157,'2025-09-15',2337966.00,'active'),(42,'Joseph','Green','fieldsjessica@example.net','61322062691408',4,10,28,'2022-07-17',392773.00,'active'),(43,'Amy','Mckee','laurencruz@example.net','4249264377',5,6,161,'2022-01-02',867481.00,'active'),(44,'Jeremy','Collins','ecamacho@example.net','175645914469921',9,4,39,'2024-08-01',1305306.00,'active'),(45,'Sean','Moss','nbaker@example.net','142234843412525',8,7,143,'2021-12-12',1432190.00,'active'),(46,'Kayla','Pearson','alyssa48@example.com','223261074515614',4,10,138,'2025-08-06',837493.00,'active'),(47,'Keith','Rasmussen','amysilva@example.net','2625133908',9,7,134,'2023-10-17',2045961.00,'active'),(48,'Richard','Gonzalez','johnfigueroa@example.com','276884598536144',3,3,140,'2021-11-01',387490.00,'active'),(49,'Jason','Cross','michellehenderson@example.org','8932869717',10,7,16,'2021-09-23',2357769.00,'active'),(50,'Lisa','Keller','michael28@example.net','3576044790869',2,2,29,'2026-02-01',2396887.00,'active'),(51,'Adrian','Wilkins','samanthalara@example.org','69367511609915',1,6,86,'2022-05-14',1032144.00,'active'),(52,'Robert','Ramirez','nelsondavid@example.com','167169041479593',7,6,NULL,'2023-05-30',347358.00,'active'),(53,'Dakota','Ellis','dhaley@example.com','845321331987444',2,5,49,'2022-06-17',2322143.00,'active'),(54,'Andrea','Salazar','abrown@example.net','001347951518241',1,4,24,'2022-12-04',2184041.00,'active'),(55,'Mark','Blake','anthony65@example.org','68464564096513',4,6,72,'2021-04-16',2155214.00,'active'),(56,'Mary','Braun','zphillips@example.net','541725404646239',10,6,NULL,'2022-08-14',1894945.00,'active'),(57,'Leonard','Bishop','phillipsjeremy@example.org','001360887378016',5,8,29,'2025-07-15',1762445.00,'active'),(58,'Kristin','Mitchell','vanessa36@example.com','4493305239632',10,2,88,'2023-02-14',1278450.00,'active'),(59,'Robert','Brown','mooredaniel@example.org','14217042114',5,1,13,'2022-08-14',2163266.00,'active'),(60,'Brenda','Miranda','leah49@example.com','001733806684101',6,8,96,'2024-04-28',420636.00,'active'),(61,'Christina','Hobbs','xryan@example.net','001292614214747',7,5,73,'2025-01-26',358672.00,'active'),(62,'Jennifer','Morales','rlucas@example.net','523868668962116',5,4,17,'2024-08-02',2224495.00,'active'),(63,'Scott','Ortiz','rebeccamendez@example.com','41361630373658',5,8,173,'2022-11-13',669451.00,'active'),(64,'Justin','Taylor','carneyaustin@example.com','5974392721',6,5,200,'2026-03-22',508039.00,'active'),(65,'Michele','Diaz','pbrown@example.net','4089147026',7,2,NULL,'2023-08-30',2428165.00,'active'),(66,'Michelle','Booker','alisongalvan@example.org','4845329312',6,2,71,'2025-06-17',2376943.00,'active'),(67,'Harold','Wood','christine73@example.org','130045897366014',5,6,3,'2024-07-22',1857604.00,'active'),(68,'Dakota','Hansen','hwhite@example.com','94759625172383',7,6,81,'2021-05-14',519542.00,'active'),(69,'Kevin','Perez','tanya93@example.net','001458259069566',8,3,137,'2024-03-24',710610.00,'active'),(70,'Wanda','Rivera','bruce84@example.org','130781603510887',5,4,97,'2022-05-30',1386335.00,'active'),(71,'Elizabeth','Olson','timothy65@example.org','59178946016836',2,7,18,'2021-09-08',737158.00,'active'),(72,'Peter','Sanchez','mallorysexton@example.org','4427507843886',4,9,68,'2022-06-14',1153089.00,'active'),(73,'Thomas','Russell','jo10@example.org','4536480513',3,2,199,'2022-06-25',526722.00,'active'),(74,'Jessica','Black','terrelldennis@example.net','9666030997',5,1,44,'2026-01-11',506217.00,'active'),(75,'Todd','Moore','banderson@example.com','57791004713244',10,6,187,'2024-02-25',2228768.00,'active'),(76,'Diana','Rose','jenniferhunt@example.com','3068858032',8,9,9,'2023-11-24',1305262.00,'active'),(77,'Nicole','Young','gabrielle76@example.com','2019942009',7,4,38,'2023-09-05',1610991.00,'active'),(78,'Roger','Knapp','kimberlylarson@example.org','4645693680438',6,4,NULL,'2023-10-21',669870.00,'active'),(79,'Melissa','Williams','longlauren@example.com','8487437607823',8,9,80,'2025-07-11',1279940.00,'active'),(80,'Antonio','Martinez','maryjones@example.com','5269108301',10,6,61,'2024-11-14',1587455.00,'active'),(81,'Jeffrey','Wright','brian15@example.net','001828378692285',4,9,154,'2024-12-18',1737742.00,'active'),(82,'Michael','Salas','bkeller@example.org','184390093599065',3,9,143,'2025-08-09',1445402.00,'active'),(83,'Kellie','Jackson','obarnett@example.org','19316606476',8,9,122,'2022-02-06',2318088.00,'active'),(84,'Keith','Potts','mnguyen@example.org','6289157318',8,10,177,'2022-08-27',1743411.00,'active'),(85,'Cynthia','Marshall','tracywillis@example.org','8005340052',3,7,79,'2024-09-16',1859801.00,'active'),(86,'Billy','Kaufman','lynchkimberly@example.org','3085565983',1,1,NULL,'2021-08-24',1001021.00,'active'),(87,'Glenn','Hendricks','bairdamy@example.com','751672593307234',6,2,112,'2023-11-25',1970254.00,'active'),(88,'Anthony','Lucas','susan09@example.net','3279589850',2,10,82,'2022-07-26',1349210.00,'active'),(89,'Stephanie','Morton','dmartin@example.net','0014257901202',3,3,56,'2025-01-09',2302176.00,'active'),(90,'Randy','Jennings','rpage@example.com','13616226878',1,1,191,'2023-01-04',1690759.00,'active'),(91,'Anna','Schultz','chill@example.net','2365058496325',8,3,97,'2024-10-08',1285227.00,'active'),(92,'Evan','Francis','laura28@example.org','001925469895230',2,6,64,'2023-02-24',1431922.00,'active'),(93,'Kristen','Ayala','ejones@example.org','3868002608',10,2,25,'2026-03-29',2070165.00,'active'),(94,'Andrea','Allen','perezsamantha@example.org','001864820227416',8,5,NULL,'2024-03-26',1663873.00,'active'),(95,'Tammy','Soto','imartin@example.net','8422879585',1,9,117,'2025-01-09',2499803.00,'active'),(96,'Mark','Sanchez','prattpatricia@example.net','14476592125341',8,1,188,'2025-07-09',2042863.00,'active'),(97,'Carol','Keller','christina49@example.org','6538536698',3,7,2,'2023-03-08',976489.00,'active'),(98,'Tammy','Gonzalez','woodsjeffrey@example.com','3317352371',3,7,129,'2023-03-31',1647708.00,'active'),(99,'Michael','Morgan','morrisonmatthew@example.net','885920653855006',10,10,16,'2024-04-18',1880138.00,'active'),(100,'Scott','Whitney','tracey32@example.net','9273876910273',5,2,NULL,'2025-12-19',1139449.00,'active'),(101,'James','Moore','angelaschroeder@example.net','7454309403219',2,1,176,'2021-11-12',1966186.00,'active'),(102,'Jose','Byrd','rhenderson@example.net','4834863259099',9,2,88,'2022-03-12',1371807.00,'active'),(103,'Nathan','Hernandez','gonzalezdanielle@example.org','198973169082717',8,3,191,'2023-11-22',373102.00,'active'),(104,'Brenda','Taylor','vargasmarcus@example.org','001680595569397',1,8,120,'2023-12-23',2081019.00,'active'),(105,'Elijah','Ward','suttonmelissa@example.com','9987149777',4,6,62,'2022-12-21',1210938.00,'active'),(106,'Matthew','Howard','dferguson@example.com','001618390599074',7,2,149,'2024-04-13',724086.00,'active'),(107,'Susan','Flores','christineperez@example.com','4722061002874',5,10,142,'2025-05-15',2252224.00,'active'),(108,'Shari','Cardenas','devin58@example.net','3385967565',9,5,54,'2021-11-08',1679513.00,'active'),(109,'Richard','Andrews','phillip28@example.com','56899367371339',3,6,10,'2025-12-31',943366.00,'active'),(110,'Logan','Vasquez','cynthiamooney@example.net','182989839728000',2,1,69,'2024-08-18',1848605.00,'active'),(111,'William','Schultz','julia97@example.org','179154392566655',8,9,145,'2024-11-02',680456.00,'active'),(112,'Yolanda','Rose','websterchristina@example.org','4787546549',10,2,171,'2026-01-29',2443148.00,'active'),(113,'Christine','Rogers','simmonsmichael@example.org','4678279831324',3,9,137,'2024-08-31',1659744.00,'active'),(114,'Alexis','Carter','randrews@example.com','12102278200',6,6,79,'2026-03-18',1626297.00,'active'),(115,'Brandon','Foster','jeromegray@example.org','125541162247287',3,6,41,'2022-04-03',1329512.00,'active'),(116,'Anthony','Ellis','reginald93@example.net','5234708167',6,1,176,'2026-03-13',1983503.00,'active'),(117,'Deborah','Vasquez','kim82@example.org','3237115425726',8,3,NULL,'2023-12-23',1804665.00,'active'),(118,'Matthew','Cross','hlawrence@example.com','98245487131399',4,6,40,'2021-11-29',1873768.00,'active'),(119,'Amber','Stanton','steven46@example.com','4325216917',5,9,69,'2023-11-28',1136417.00,'active'),(120,'Peter','Kaiser','robert59@example.com','19927450913',1,10,193,'2023-07-30',1213752.00,'active'),(121,'Joseph','Rice','ramireztimothy@example.net','7912062768',1,3,8,'2023-03-29',865552.00,'active'),(122,'William','Shaw','orivera@example.net','2606898218',3,3,NULL,'2023-10-30',1527955.00,'active'),(123,'Dalton','Butler','bfields@example.org','6864411566996',4,5,172,'2024-10-25',1430625.00,'active'),(124,'Jack','Martin','misty64@example.org','272498360783782',3,3,NULL,'2022-08-30',647708.00,'active'),(125,'Molly','Walsh','eric15@example.org','2769423967',4,3,40,'2023-12-09',1375103.00,'active'),(126,'Tyler','Lopez','anthony32@example.org','194584700916282',6,8,190,'2022-02-13',687659.00,'active'),(127,'William','Andrews','jesserodriguez@example.net','8078963682030',10,3,NULL,'2024-11-26',823130.00,'active'),(128,'Craig','Bell','anna09@example.com','13388404688',5,3,122,'2021-07-20',359171.00,'active'),(129,'Melissa','Torres','amanda82@example.net','385304808867335',5,4,181,'2025-08-19',1828509.00,'active'),(130,'Erin','Huynh','matthew98@example.com','18506667362939',6,3,17,'2025-10-31',872542.00,'active'),(131,'Mia','Walton','schwartzstephanie@example.org','19446503458',4,3,174,'2024-01-30',839293.00,'active'),(132,'Clifford','James','pward@example.com','4108064895971',7,3,29,'2021-11-16',1160315.00,'active'),(133,'Jason','Mathews','bnelson@example.org','0012522043455',8,2,61,'2025-10-25',1964702.00,'active'),(134,'Elizabeth','Cook','ogutierrez@example.com','75225192693635',8,2,148,'2023-06-04',1339008.00,'active'),(135,'Maureen','Ramos','vvega@example.net','873415186499095',9,1,108,'2024-07-12',682375.00,'active'),(136,'Melissa','Rubio','mitchelleric@example.org','281752254887851',6,5,53,'2023-04-18',709702.00,'active'),(137,'Benjamin','Ramos','sreed@example.com','9705421782',6,6,99,'2026-03-07',1040724.00,'active'),(138,'Mitchell','Anderson','brookssara@example.org','001488753525917',6,2,61,'2024-03-10',517208.00,'active'),(139,'Stephanie','Kelley','benjamincarroll@example.com','001207545196406',10,1,3,'2026-03-26',2160756.00,'active'),(140,'Joseph','Hawkins','alexjohnston@example.com','918659047133414',5,7,123,'2025-06-15',2198075.00,'active'),(141,'Mark','Porter','deborah38@example.com','7753830479',7,2,173,'2026-01-22',816708.00,'active'),(142,'Phyllis','Ramos','smalljessica@example.net','001774581762694',6,5,40,'2024-01-30',417601.00,'active'),(143,'Julie','Turner','yking@example.net','4645508710',7,10,86,'2023-03-07',855567.00,'active'),(144,'Rachel','Johnson','spalmer@example.net','4052232535',6,4,72,'2022-01-04',349570.00,'active'),(145,'Jorge','Allen','edavis@example.org','6435389038105',7,3,32,'2021-09-30',1952576.00,'active'),(146,'Brian','Bright','jameshill@example.org','81150604623484',4,7,36,'2024-01-17',547070.00,'active'),(147,'Dawn','Hardy','jsimmons@example.net','9575263384',10,7,99,'2025-03-04',1920369.00,'active'),(148,'Michelle','Cantrell','kimberlylewis@example.org','001404567868349',2,8,110,'2021-04-02',1203116.00,'active'),(149,'Kevin','Collins','ksingleton@example.net','001687929497615',2,2,64,'2022-04-14',1705287.00,'active'),(150,'Adam','Washington','dyoung@example.net','46079547266112',10,5,170,'2021-08-23',1296810.00,'active'),(151,'Savannah','Flores','hillchloe@example.com','17789473119',9,10,NULL,'2025-12-25',2373271.00,'active'),(152,'Becky','Brooks','victoria05@example.com','221954092619865',5,2,163,'2024-05-28',2093987.00,'active'),(153,'Tim','Singh','joneskathryn@example.net','0018429125771',7,7,196,'2024-04-06',1563495.00,'active'),(154,'Caleb','Choi','stevenwarner@example.com','3367544401879',6,8,21,'2023-01-07',558853.00,'active'),(155,'Jeffrey','Ramsey','bcastaneda@example.com','230899570286407',9,3,107,'2023-03-22',1470030.00,'active'),(156,'Victor','Jimenez','cjones@example.net','162140243342910',2,3,122,'2023-09-05',1419280.00,'active'),(157,'John','Andrews','feliciawhite@example.net','3978522488370',3,8,NULL,'2022-08-05',1090161.00,'active'),(158,'Kelly','Collins','denise04@example.net','2027951473',3,6,177,'2026-01-08',1860373.00,'active'),(159,'Brian','Boyd','kellylee@example.com','19392106429',5,6,178,'2024-08-04',2332159.00,'active'),(160,'Tina','Holmes','marcomoore@example.org','47729602151274',9,2,NULL,'2023-10-09',456748.00,'active'),(161,'Whitney','Hernandez','melissataylor@example.org','001263801023839',1,6,152,'2021-09-23',1285150.00,'active'),(162,'David','Garza','hudsonjoseph@example.com','16832609562',1,5,NULL,'2022-08-12',1703739.00,'active'),(163,'Kathy','Richards','robert63@example.org','386204158233546',2,8,27,'2024-07-13',2192725.00,'active'),(164,'Kelly','Yoder','laura69@example.com','18267904255',10,5,119,'2023-06-19',567668.00,'active'),(165,'Christine','Wilson','garzadavid@example.com','24442510371680',4,2,164,'2025-06-15',315326.00,'active'),(166,'Samantha','Foster','valdezkatie@example.org','155962955188112',1,4,184,'2024-01-20',1474324.00,'active'),(167,'Jose','Myers','walterrandall@example.com','15673706031',3,7,20,'2025-09-24',1437103.00,'active'),(168,'Danielle','Bryant','hnguyen@example.net','5682445003',6,4,134,'2022-08-12',1531320.00,'active'),(169,'Kathleen','Mason','kayleedickson@example.net','8574662933',3,4,71,'2022-04-14',796236.00,'active'),(170,'Nicole','Keller','droberts@example.com','13955103588020',3,5,145,'2023-09-04',1426749.00,'active'),(171,'Arthur','Harris','colontravis@example.com','001695408403103',7,1,159,'2022-09-22',2473531.00,'active'),(172,'Samantha','Case','ashley67@example.net','001383586561499',8,9,196,'2025-10-11',560982.00,'active'),(173,'Sheila','Galvan','david88@example.net','609998783701133',6,3,163,'2025-07-27',508170.00,'active'),(174,'Ashley','Shannon','hrichardson@example.com','19317763532503',9,5,8,'2021-04-18',2081139.00,'active'),(175,'Nicole','Richardson','reginagibson@example.net','13776169800802',10,7,42,'2021-09-10',1468044.00,'active'),(176,'Brittany','Jones','nancyhernandez@example.com','5425774728',9,2,133,'2023-07-13',1088472.00,'active'),(177,'Katherine','Hull','hpowell@example.com','3569852953',3,10,146,'2021-09-27',1604955.00,'active'),(178,'Rachael','Baker','stephanie39@example.org','154567771465039',6,3,195,'2026-02-14',1354646.00,'active'),(179,'Austin','Johnson','kimberlyknox@example.org','5078564933',4,9,24,'2024-10-20',801605.00,'active'),(180,'Diane','Anderson','robin54@example.net','001331370572284',9,3,27,'2025-08-13',1840783.00,'active'),(181,'Joshua','Salinas','gmcintyre@example.org','964984045973509',9,3,127,'2022-09-19',1581524.00,'active'),(182,'Michaela','Griffin','lindaharris@example.com','23960503598273',8,2,105,'2025-02-25',923514.00,'active'),(183,'Jose','Barber','loweryalicia@example.com','7037957511',1,5,78,'2023-06-03',1179449.00,'active'),(184,'Catherine','Castillo','petersonsteven@example.net','4613414593',4,8,172,'2026-03-24',1361975.00,'active'),(185,'James','Edwards','jeffreyporter@example.com','703756573032180',8,8,94,'2025-02-16',1172034.00,'active'),(186,'Blake','Pineda','warrenrichard@example.net','6894845827240',8,4,164,'2024-06-30',1388113.00,'active'),(187,'Danielle','Hamilton','tanya71@example.org','17997028081499',4,5,173,'2024-12-17',1590651.00,'active'),(188,'Victoria','Gonzales','ndavis@example.net','5518650873',8,6,130,'2023-01-27',880169.00,'active'),(189,'Danielle','Alexander','tara96@example.net','17925419925',1,1,44,'2022-11-18',386818.00,'active'),(190,'Jaime','Hubbard','qsullivan@example.org','0019523178023',4,4,21,'2022-09-02',1622507.00,'active'),(191,'Regina','Davis','pperkins@example.net','8044055144',5,5,71,'2023-01-03',335096.00,'active'),(192,'Corey','Golden','boliver@example.com','24445615090211',2,2,149,'2023-12-14',536595.00,'active'),(193,'Bradley','Rush','dylanthompson@example.org','001433316707772',9,8,35,'2023-11-29',1769978.00,'active'),(194,'John','Garcia','gthomas@example.com','80971220710007',7,1,43,'2022-11-30',315659.00,'active'),(195,'Jeffrey','Irwin','scottvasquez@example.net','197451176705741',2,5,127,'2023-07-15',1013731.00,'active'),(196,'John','Washington','lisacarter@example.org','6399829426023',4,7,NULL,'2024-12-30',1667912.00,'active'),(197,'Matthew','Flores','bbeltran@example.com','12823464985',6,5,72,'2025-02-04',2030241.00,'active'),(198,'Deanna','Long','laurielarson@example.org','0012325963158',7,2,NULL,'2023-09-24',1928702.00,'active'),(199,'Ronald','Cook','josephpope@example.org','89277394696254',7,7,116,'2026-01-05',2474155.00,'active'),(200,'Tommy','Brown','timothy49@example.com','43076622746166',10,6,77,'2024-10-25',817407.00,'active');
/*!40000 ALTER TABLE `employees` ENABLE KEYS */;
UNLOCK TABLES;

--
-- Table structure for table `leaves`
--

DROP TABLE IF EXISTS `leaves`;
/*!40101 SET @saved_cs_client     = @@character_set_client */;
/*!50503 SET character_set_client = utf8mb4 */;
CREATE TABLE `leaves` (
  `id` int NOT NULL AUTO_INCREMENT,
  `employee_id` int DEFAULT NULL,
  `start_date` date DEFAULT NULL,
  `end_date` date DEFAULT NULL,
  `leave_type` varchar(50) DEFAULT NULL,
  `status` enum('pending','approved','rejected') DEFAULT NULL,
  PRIMARY KEY (`id`),
  KEY `employee_id` (`employee_id`),
  CONSTRAINT `leaves_ibfk_1` FOREIGN KEY (`employee_id`) REFERENCES `employees` (`id`)
) ENGINE=InnoDB AUTO_INCREMENT=201 DEFAULT CHARSET=utf8mb4 COLLATE=utf8mb4_0900_ai_ci;
/*!40101 SET character_set_client = @saved_cs_client */;

--
-- Dumping data for table `leaves`
--

LOCK TABLES `leaves` WRITE;
/*!40000 ALTER TABLE `leaves` DISABLE KEYS */;
INSERT INTO `leaves` VALUES (1,77,'2026-01-08','2026-02-19','earned','approved'),(2,179,'2026-01-02','2026-01-29','casual','approved'),(3,129,'2026-03-18','2026-04-01','earned','approved'),(4,118,'2026-03-06','2026-01-06','sick','rejected'),(5,96,'2026-02-25','2026-01-16','sick','pending'),(6,186,'2026-02-13','2026-03-29','casual','pending'),(7,13,'2026-03-08','2026-03-22','sick','pending'),(8,100,'2026-01-12','2026-03-26','casual','rejected'),(9,198,'2026-01-06','2026-03-08','earned','rejected'),(10,78,'2026-01-05','2026-01-08','sick','approved'),(11,56,'2026-02-23','2026-02-08','casual','rejected'),(12,51,'2026-03-10','2026-01-30','casual','pending'),(13,49,'2026-01-02','2026-04-01','sick','pending'),(14,85,'2026-01-08','2026-03-21','earned','approved'),(15,43,'2026-04-02','2026-01-23','sick','pending'),(16,163,'2026-04-01','2026-02-05','sick','approved'),(17,172,'2026-03-30','2026-01-17','earned','rejected'),(18,32,'2026-03-15','2026-02-25','casual','rejected'),(19,114,'2026-01-18','2026-02-19','earned','rejected'),(20,96,'2026-02-16','2026-03-17','sick','pending'),(21,18,'2026-01-21','2026-02-20','sick','pending'),(22,147,'2026-02-25','2026-03-21','casual','rejected'),(23,155,'2026-02-06','2026-03-14','earned','pending'),(24,138,'2026-01-31','2026-01-10','casual','pending'),(25,42,'2026-03-11','2026-02-26','sick','rejected'),(26,200,'2026-01-25','2026-01-12','sick','rejected'),(27,194,'2026-02-23','2026-03-29','casual','rejected'),(28,13,'2026-03-02','2026-01-15','sick','rejected'),(29,155,'2026-01-04','2026-03-27','casual','pending'),(30,144,'2026-02-22','2026-01-06','earned','rejected'),(31,196,'2026-03-29','2026-03-03','earned','pending'),(32,35,'2026-02-20','2026-02-16','earned','rejected'),(33,3,'2026-01-18','2026-04-02','casual','rejected'),(34,83,'2026-03-22','2026-04-01','casual','rejected'),(35,13,'2026-03-26','2026-01-14','earned','approved'),(36,1,'2026-03-05','2026-02-16','casual','pending'),(37,75,'2026-01-26','2026-03-11','earned','rejected'),(38,92,'2026-03-13','2026-01-17','casual','pending'),(39,186,'2026-01-07','2026-03-19','earned','pending'),(40,86,'2026-01-08','2026-01-01','sick','rejected'),(41,143,'2026-02-14','2026-03-26','sick','approved'),(42,101,'2026-01-13','2026-03-14','casual','pending'),(43,101,'2026-01-16','2026-03-30','sick','pending'),(44,199,'2026-01-05','2026-01-05','sick','approved'),(45,143,'2026-03-23','2026-02-08','sick','rejected'),(46,93,'2026-02-26','2026-02-18','earned','approved'),(47,172,'2026-01-18','2026-02-11','earned','rejected'),(48,102,'2026-03-27','2026-02-23','sick','rejected'),(49,183,'2026-02-19','2026-02-27','earned','approved'),(50,198,'2026-04-02','2026-01-22','earned','pending'),(51,30,'2026-03-20','2026-01-04','earned','rejected'),(52,132,'2026-03-11','2026-02-23','earned','pending'),(53,161,'2026-03-26','2026-02-16','casual','pending'),(54,102,'2026-01-05','2026-03-15','sick','rejected'),(55,47,'2026-03-06','2026-02-17','sick','approved'),(56,147,'2026-01-27','2026-02-12','casual','rejected'),(57,120,'2026-01-07','2026-02-06','casual','rejected'),(58,32,'2026-03-03','2026-01-06','earned','rejected'),(59,149,'2026-01-14','2026-03-23','sick','pending'),(60,26,'2026-01-04','2026-01-23','earned','rejected'),(61,192,'2026-02-08','2026-03-28','sick','approved'),(62,134,'2026-01-02','2026-01-02','casual','approved'),(63,82,'2026-02-11','2026-03-29','sick','approved'),(64,87,'2026-03-04','2026-01-15','sick','approved'),(65,132,'2026-02-27','2026-01-31','sick','approved'),(66,94,'2026-02-05','2026-01-25','casual','approved'),(67,109,'2026-03-02','2026-02-20','earned','rejected'),(68,109,'2026-02-02','2026-03-31','earned','rejected'),(69,78,'2026-01-14','2026-02-23','earned','approved'),(70,187,'2026-02-02','2026-03-16','casual','pending'),(71,72,'2026-01-12','2026-03-01','earned','approved'),(72,123,'2026-03-07','2026-03-07','sick','pending'),(73,141,'2026-02-25','2026-02-27','earned','rejected'),(74,73,'2026-04-01','2026-03-28','sick','pending'),(75,40,'2026-02-21','2026-02-15','sick','rejected'),(76,151,'2026-02-21','2026-02-27','sick','pending'),(77,126,'2026-01-20','2026-02-15','sick','rejected'),(78,84,'2026-03-15','2026-03-13','sick','pending'),(79,166,'2026-01-31','2026-03-12','earned','approved'),(80,26,'2026-03-23','2026-03-20','earned','approved'),(81,161,'2026-03-24','2026-02-28','sick','approved'),(82,74,'2026-02-07','2026-02-01','sick','rejected'),(83,123,'2026-02-08','2026-03-02','casual','rejected'),(84,49,'2026-01-17','2026-03-06','earned','rejected'),(85,178,'2026-01-02','2026-01-22','earned','pending'),(86,155,'2026-03-19','2026-03-14','sick','approved'),(87,94,'2026-03-03','2026-01-05','casual','rejected'),(88,168,'2026-02-12','2026-03-24','sick','approved'),(89,94,'2026-03-12','2026-01-28','sick','rejected'),(90,64,'2026-01-05','2026-01-24','sick','pending'),(91,164,'2026-03-27','2026-03-30','sick','approved'),(92,28,'2026-01-03','2026-03-05','earned','pending'),(93,3,'2026-02-04','2026-01-15','casual','pending'),(94,188,'2026-01-01','2026-02-04','sick','approved'),(95,41,'2026-01-26','2026-03-26','earned','approved'),(96,107,'2026-01-01','2026-01-02','casual','approved'),(97,10,'2026-03-04','2026-03-13','earned','approved'),(98,18,'2026-01-28','2026-03-12','earned','rejected'),(99,9,'2026-01-30','2026-01-24','casual','approved'),(100,143,'2026-03-10','2026-03-06','casual','rejected'),(101,144,'2026-03-26','2026-01-17','casual','approved'),(102,87,'2026-02-16','2026-01-15','sick','pending'),(103,146,'2026-04-02','2026-02-22','casual','pending'),(104,75,'2026-02-10','2026-02-08','sick','rejected'),(105,95,'2026-02-06','2026-01-20','earned','pending'),(106,174,'2026-01-10','2026-03-26','sick','rejected'),(107,191,'2026-01-08','2026-02-15','sick','pending'),(108,92,'2026-01-23','2026-02-18','casual','rejected'),(109,29,'2026-02-27','2026-02-23','sick','approved'),(110,170,'2026-02-20','2026-01-21','sick','approved'),(111,58,'2026-01-15','2026-02-23','earned','pending'),(112,26,'2026-03-19','2026-01-31','earned','rejected'),(113,10,'2026-01-25','2026-01-14','earned','rejected'),(114,132,'2026-01-30','2026-02-07','casual','approved'),(115,89,'2026-01-10','2026-01-21','earned','approved'),(116,38,'2026-03-01','2026-01-11','earned','rejected'),(117,91,'2026-02-06','2026-01-08','earned','approved'),(118,184,'2026-03-12','2026-02-24','casual','rejected'),(119,22,'2026-03-02','2026-02-28','sick','approved'),(120,15,'2026-02-11','2026-03-18','casual','rejected'),(121,116,'2026-03-26','2026-03-05','sick','approved'),(122,166,'2026-02-13','2026-01-18','sick','pending'),(123,118,'2026-02-27','2026-02-12','sick','rejected'),(124,131,'2026-01-18','2026-01-25','earned','rejected'),(125,94,'2026-03-21','2026-02-08','earned','rejected'),(126,72,'2026-02-25','2026-02-12','sick','rejected'),(127,148,'2026-01-08','2026-03-15','earned','approved'),(128,150,'2026-01-18','2026-01-23','sick','approved'),(129,197,'2026-04-02','2026-01-30','casual','rejected'),(130,115,'2026-01-17','2026-01-09','sick','approved'),(131,165,'2026-03-28','2026-03-28','earned','approved'),(132,145,'2026-01-04','2026-02-20','sick','approved'),(133,192,'2026-01-02','2026-01-20','casual','approved'),(134,154,'2026-03-16','2026-02-19','earned','pending'),(135,114,'2026-02-15','2026-01-28','earned','approved'),(136,148,'2026-02-01','2026-01-21','earned','approved'),(137,184,'2026-03-11','2026-03-02','casual','pending'),(138,161,'2026-03-15','2026-01-07','earned','rejected'),(139,145,'2026-02-04','2026-01-25','casual','approved'),(140,133,'2026-04-01','2026-03-14','casual','approved'),(141,34,'2026-01-09','2026-02-09','earned','approved'),(142,23,'2026-01-01','2026-02-13','sick','pending'),(143,170,'2026-02-16','2026-02-19','sick','rejected'),(144,6,'2026-01-31','2026-02-27','earned','rejected'),(145,188,'2026-03-31','2026-03-16','casual','pending'),(146,116,'2026-02-18','2026-01-08','sick','pending'),(147,15,'2026-01-01','2026-02-18','earned','rejected'),(148,99,'2026-01-26','2026-03-27','casual','approved'),(149,180,'2026-03-24','2026-01-26','earned','approved'),(150,57,'2026-01-06','2026-01-28','sick','approved'),(151,152,'2026-01-05','2026-01-26','casual','rejected'),(152,28,'2026-01-30','2026-02-16','sick','rejected'),(153,27,'2026-02-10','2026-03-14','earned','pending'),(154,157,'2026-01-23','2026-03-30','earned','pending'),(155,184,'2026-03-23','2026-01-28','earned','rejected'),(156,90,'2026-02-22','2026-02-08','casual','pending'),(157,44,'2026-01-21','2026-02-01','sick','rejected'),(158,60,'2026-01-06','2026-02-17','sick','approved'),(159,161,'2026-02-10','2026-01-12','sick','rejected'),(160,80,'2026-03-09','2026-03-24','sick','approved'),(161,38,'2026-01-29','2026-03-23','casual','approved'),(162,71,'2026-03-18','2026-01-12','earned','rejected'),(163,73,'2026-01-16','2026-03-07','sick','pending'),(164,186,'2026-02-26','2026-01-26','earned','pending'),(165,59,'2026-03-30','2026-03-22','sick','approved'),(166,75,'2026-03-05','2026-02-17','casual','approved'),(167,142,'2026-03-07','2026-03-01','casual','pending'),(168,36,'2026-01-13','2026-01-10','earned','pending'),(169,111,'2026-03-11','2026-03-29','sick','approved'),(170,148,'2026-03-27','2026-03-01','casual','approved'),(171,112,'2026-03-10','2026-03-17','casual','pending'),(172,98,'2026-02-04','2026-01-18','casual','pending'),(173,133,'2026-01-03','2026-02-17','sick','approved'),(174,192,'2026-02-16','2026-01-01','casual','rejected'),(175,72,'2026-02-28','2026-02-13','casual','pending'),(176,122,'2026-03-01','2026-03-02','earned','rejected'),(177,194,'2026-01-01','2026-03-02','casual','rejected'),(178,52,'2026-03-07','2026-01-20','sick','approved'),(179,170,'2026-02-17','2026-01-04','sick','rejected'),(180,41,'2026-01-13','2026-01-22','casual','rejected'),(181,87,'2026-02-25','2026-03-16','sick','approved'),(182,36,'2026-02-23','2026-02-10','earned','rejected'),(183,136,'2026-02-17','2026-01-19','sick','pending'),(184,77,'2026-01-30','2026-03-03','sick','rejected'),(185,3,'2026-02-17','2026-03-19','earned','rejected'),(186,78,'2026-02-12','2026-01-15','earned','rejected'),(187,64,'2026-03-17','2026-01-16','casual','rejected'),(188,148,'2026-02-10','2026-01-06','earned','approved'),(189,154,'2026-03-15','2026-03-09','sick','approved'),(190,90,'2026-02-10','2026-01-16','casual','pending'),(191,161,'2026-02-28','2026-03-08','sick','approved'),(192,82,'2026-01-21','2026-01-02','earned','rejected'),(193,54,'2026-03-17','2026-03-21','earned','approved'),(194,136,'2026-01-11','2026-03-15','sick','pending'),(195,200,'2026-01-23','2026-02-27','earned','pending'),(196,57,'2026-01-12','2026-03-02','sick','pending'),(197,80,'2026-01-15','2026-02-12','casual','pending'),(198,139,'2026-02-27','2026-01-14','earned','approved'),(199,82,'2026-03-18','2026-01-05','sick','rejected'),(200,74,'2026-03-13','2026-03-20','earned','approved');
/*!40000 ALTER TABLE `leaves` ENABLE KEYS */;
UNLOCK TABLES;

--
-- Table structure for table `payroll`
--

DROP TABLE IF EXISTS `payroll`;
/*!40101 SET @saved_cs_client     = @@character_set_client */;
/*!50503 SET character_set_client = utf8mb4 */;
CREATE TABLE `payroll` (
  `id` int NOT NULL AUTO_INCREMENT,
  `employee_id` int DEFAULT NULL,
  `month` varchar(20) DEFAULT NULL,
  `year` int DEFAULT NULL,
  `base_salary` decimal(10,2) DEFAULT NULL,
  `bonus` decimal(10,2) DEFAULT NULL,
  `deductions` decimal(10,2) DEFAULT NULL,
  `net_salary` decimal(10,2) DEFAULT NULL,
  PRIMARY KEY (`id`),
  KEY `employee_id` (`employee_id`),
  CONSTRAINT `payroll_ibfk_1` FOREIGN KEY (`employee_id`) REFERENCES `employees` (`id`)
) ENGINE=InnoDB AUTO_INCREMENT=201 DEFAULT CHARSET=utf8mb4 COLLATE=utf8mb4_0900_ai_ci;
/*!40101 SET character_set_client = @saved_cs_client */;

--
-- Dumping data for table `payroll`
--

LOCK TABLES `payroll` WRITE;
/*!40000 ALTER TABLE `payroll` DISABLE KEYS */;
INSERT INTO `payroll` VALUES (1,51,'Jan',2025,1220901.00,27862.00,31207.00,1217556.00),(2,147,'Apr',2025,371806.00,15863.00,45705.00,341964.00),(3,5,'Jan',2025,919098.00,84399.00,34741.00,968756.00),(4,117,'Apr',2025,1541623.00,85211.00,41766.00,1585068.00),(5,65,'Jan',2025,499815.00,25460.00,33371.00,491904.00),(6,174,'Apr',2025,425167.00,15975.00,18038.00,423104.00),(7,74,'Apr',2025,1433216.00,30200.00,18446.00,1444970.00),(8,50,'Jan',2025,1685061.00,38234.00,25539.00,1697756.00),(9,18,'Jan',2025,1881403.00,40537.00,28988.00,1892952.00),(10,184,'Feb',2025,1884797.00,91724.00,14763.00,1961758.00),(11,193,'Jan',2025,1877142.00,95181.00,29913.00,1942410.00),(12,9,'Apr',2025,596497.00,12328.00,40811.00,568014.00),(13,8,'Apr',2025,823287.00,40216.00,35775.00,827728.00),(14,139,'Jan',2025,565405.00,84591.00,27077.00,622919.00),(15,137,'Mar',2025,1393075.00,76174.00,31653.00,1437596.00),(16,159,'Jan',2025,553127.00,79909.00,16880.00,616156.00),(17,76,'Feb',2025,1605168.00,34734.00,39819.00,1600083.00),(18,38,'Mar',2025,869284.00,10946.00,39515.00,840715.00),(19,181,'Jan',2025,1383797.00,65373.00,33535.00,1415635.00),(20,57,'Feb',2025,559977.00,44676.00,26620.00,578033.00),(21,159,'Feb',2025,1642987.00,84361.00,37792.00,1689556.00),(22,146,'Feb',2025,1378324.00,58315.00,28052.00,1408587.00),(23,153,'Jan',2025,1474621.00,58996.00,27108.00,1506509.00),(24,159,'Mar',2025,1867798.00,60417.00,48416.00,1879799.00),(25,154,'Feb',2025,1071602.00,92007.00,27160.00,1136449.00),(26,74,'Jan',2025,1252005.00,35380.00,46392.00,1240993.00),(27,139,'Feb',2025,1182215.00,59788.00,15787.00,1226216.00),(28,107,'Jan',2025,402931.00,17372.00,48915.00,371388.00),(29,78,'Mar',2025,1820511.00,79858.00,26343.00,1874026.00),(30,124,'Apr',2025,1546339.00,34059.00,37994.00,1542404.00),(31,13,'Apr',2025,1803692.00,79668.00,22878.00,1860482.00),(32,44,'Jan',2025,1265777.00,98018.00,34028.00,1329767.00),(33,86,'Mar',2025,355522.00,39855.00,28390.00,366987.00),(34,164,'Jan',2025,1675183.00,82615.00,22656.00,1735142.00),(35,60,'Apr',2025,784394.00,63570.00,46301.00,801663.00),(36,163,'Feb',2025,797421.00,62944.00,21673.00,838692.00),(37,163,'Feb',2025,359099.00,46774.00,40244.00,365629.00),(38,164,'Jan',2025,1236129.00,80282.00,18298.00,1298113.00),(39,183,'Jan',2025,330056.00,41735.00,27118.00,344673.00),(40,28,'Jan',2025,1804731.00,88371.00,22433.00,1870669.00),(41,116,'Mar',2025,866739.00,14904.00,13554.00,868089.00),(42,103,'Apr',2025,364422.00,61022.00,27689.00,397755.00),(43,158,'Feb',2025,687429.00,11026.00,12773.00,685682.00),(44,120,'Mar',2025,1880328.00,18828.00,16892.00,1882264.00),(45,198,'Jan',2025,1483537.00,38374.00,26235.00,1495676.00),(46,30,'Jan',2025,665873.00,63081.00,14818.00,714136.00),(47,178,'Feb',2025,653357.00,46300.00,23152.00,676505.00),(48,110,'Feb',2025,352374.00,17457.00,40190.00,329641.00),(49,86,'Feb',2025,1936976.00,42421.00,29244.00,1950153.00),(50,1,'Mar',2025,823448.00,52459.00,11036.00,864871.00),(51,32,'Mar',2025,932216.00,84361.00,26479.00,990098.00),(52,170,'Apr',2025,1516514.00,72111.00,17893.00,1570732.00),(53,144,'Feb',2025,1170950.00,56980.00,45747.00,1182183.00),(54,137,'Mar',2025,1771518.00,76840.00,6623.00,1841735.00),(55,129,'Mar',2025,460887.00,22580.00,32269.00,451198.00),(56,148,'Mar',2025,1084815.00,19179.00,13885.00,1090109.00),(57,84,'Feb',2025,834305.00,74133.00,14980.00,893458.00),(58,35,'Mar',2025,1568333.00,71777.00,26276.00,1613834.00),(59,36,'Feb',2025,1362623.00,64995.00,10853.00,1416765.00),(60,48,'Mar',2025,1311308.00,65805.00,26701.00,1350412.00),(61,80,'Jan',2025,922517.00,36379.00,14220.00,944676.00),(62,137,'Jan',2025,1555993.00,68061.00,12897.00,1611157.00),(63,156,'Feb',2025,1270044.00,90112.00,10881.00,1349275.00),(64,81,'Feb',2025,1196279.00,47112.00,6632.00,1236759.00),(65,192,'Mar',2025,776787.00,34084.00,45738.00,765133.00),(66,152,'Mar',2025,1287329.00,51931.00,33517.00,1305743.00),(67,174,'Mar',2025,489474.00,60166.00,22857.00,526783.00),(68,22,'Feb',2025,1621279.00,92013.00,28594.00,1684698.00),(69,62,'Feb',2025,1132699.00,23430.00,24235.00,1131894.00),(70,142,'Feb',2025,1152813.00,88210.00,23778.00,1217245.00),(71,175,'Mar',2025,832889.00,37261.00,42619.00,827531.00),(72,23,'Mar',2025,870453.00,18445.00,48027.00,840871.00),(73,18,'Jan',2025,747599.00,68493.00,22494.00,793598.00),(74,41,'Jan',2025,1304719.00,66740.00,30586.00,1340873.00),(75,83,'Feb',2025,1496077.00,30949.00,9888.00,1517138.00),(76,140,'Jan',2025,343000.00,84692.00,22904.00,404788.00),(77,84,'Feb',2025,658354.00,16118.00,18046.00,656426.00),(78,79,'Feb',2025,731984.00,91701.00,38596.00,785089.00),(79,129,'Jan',2025,1837182.00,49039.00,45657.00,1840564.00),(80,72,'Feb',2025,815360.00,14346.00,43545.00,786161.00),(81,1,'Apr',2025,1034498.00,54270.00,44156.00,1044612.00),(82,182,'Apr',2025,1700078.00,36020.00,49490.00,1686608.00),(83,85,'Apr',2025,971469.00,11509.00,12513.00,970465.00),(84,144,'Mar',2025,1299776.00,97735.00,6260.00,1391251.00),(85,25,'Mar',2025,411524.00,29828.00,32189.00,409163.00),(86,123,'Apr',2025,1902930.00,52783.00,23500.00,1932213.00),(87,186,'Jan',2025,1041964.00,24273.00,11152.00,1055085.00),(88,196,'Feb',2025,1571996.00,52692.00,36121.00,1588567.00),(89,192,'Feb',2025,1291602.00,94915.00,16631.00,1369886.00),(90,11,'Mar',2025,658439.00,87736.00,12226.00,733949.00),(91,187,'Mar',2025,571255.00,53287.00,38152.00,586390.00),(92,38,'Jan',2025,1426180.00,29236.00,10261.00,1445155.00),(93,38,'Feb',2025,1504776.00,46081.00,9271.00,1541586.00),(94,151,'Apr',2025,1881725.00,22929.00,29604.00,1875050.00),(95,79,'Mar',2025,975077.00,60746.00,37958.00,997865.00),(96,106,'Feb',2025,907447.00,72679.00,47528.00,932598.00),(97,188,'Apr',2025,1391879.00,84615.00,46333.00,1430161.00),(98,144,'Jan',2025,1818830.00,55847.00,14878.00,1859799.00),(99,165,'Mar',2025,1992618.00,51668.00,6406.00,2037880.00),(100,14,'Feb',2025,1473493.00,88746.00,14637.00,1547602.00),(101,83,'Apr',2025,1402536.00,53509.00,40273.00,1415772.00),(102,70,'Jan',2025,1707057.00,17648.00,29968.00,1694737.00),(103,149,'Jan',2025,1185960.00,21621.00,39053.00,1168528.00),(104,192,'Mar',2025,1636134.00,63687.00,45829.00,1653992.00),(105,72,'Apr',2025,1149790.00,47042.00,43095.00,1153737.00),(106,27,'Feb',2025,1871680.00,81179.00,24072.00,1928787.00),(107,167,'Apr',2025,415882.00,29988.00,10524.00,435346.00),(108,62,'Feb',2025,950936.00,16819.00,48167.00,919588.00),(109,66,'Apr',2025,617763.00,90603.00,23447.00,684919.00),(110,125,'Jan',2025,1722573.00,87947.00,5387.00,1805133.00),(111,111,'Mar',2025,1169083.00,48196.00,5637.00,1211642.00),(112,46,'Mar',2025,1404808.00,14729.00,20543.00,1398994.00),(113,94,'Feb',2025,1260956.00,85117.00,7626.00,1338447.00),(114,21,'Jan',2025,1354038.00,69505.00,13117.00,1410426.00),(115,55,'Mar',2025,1003942.00,68018.00,39909.00,1032051.00),(116,195,'Mar',2025,1891907.00,14421.00,41864.00,1864464.00),(117,168,'Jan',2025,1590218.00,53388.00,32433.00,1611173.00),(118,153,'Mar',2025,1511491.00,48088.00,48045.00,1511534.00),(119,51,'Mar',2025,1666295.00,85435.00,31457.00,1720273.00),(120,35,'Feb',2025,1681823.00,93970.00,9112.00,1766681.00),(121,56,'Mar',2025,353562.00,65271.00,42031.00,376802.00),(122,135,'Apr',2025,1543555.00,29000.00,34898.00,1537657.00),(123,136,'Apr',2025,578662.00,14180.00,7496.00,585346.00),(124,196,'Feb',2025,1130804.00,95718.00,32992.00,1193530.00),(125,41,'Apr',2025,1995564.00,74702.00,29043.00,2041223.00),(126,135,'Apr',2025,570012.00,51300.00,47658.00,573654.00),(127,135,'Apr',2025,1603802.00,35054.00,8807.00,1630049.00),(128,116,'Mar',2025,1498886.00,51031.00,25438.00,1524479.00),(129,160,'Apr',2025,829125.00,36350.00,25730.00,839745.00),(130,195,'Apr',2025,304808.00,61648.00,13479.00,352977.00),(131,54,'Feb',2025,771157.00,96616.00,9877.00,857896.00),(132,91,'Jan',2025,733698.00,31045.00,19301.00,745442.00),(133,33,'Apr',2025,696516.00,83935.00,36014.00,744437.00),(134,106,'Apr',2025,889003.00,84964.00,44155.00,929812.00),(135,187,'Feb',2025,1646416.00,83078.00,38177.00,1691317.00),(136,158,'Apr',2025,841018.00,10950.00,48079.00,803889.00),(137,107,'Feb',2025,395869.00,64866.00,12550.00,448185.00),(138,85,'Mar',2025,1810135.00,55418.00,16475.00,1849078.00),(139,180,'Jan',2025,384629.00,57232.00,31296.00,410565.00),(140,3,'Jan',2025,1650687.00,50314.00,28181.00,1672820.00),(141,103,'Mar',2025,513679.00,93089.00,21965.00,584803.00),(142,150,'Jan',2025,1605913.00,58549.00,14246.00,1650216.00),(143,74,'Mar',2025,628045.00,38332.00,32171.00,634206.00),(144,192,'Jan',2025,1433681.00,84813.00,37330.00,1481164.00),(145,4,'Jan',2025,1710464.00,37321.00,33975.00,1713810.00),(146,190,'Feb',2025,1967818.00,59625.00,49473.00,1977970.00),(147,46,'Jan',2025,982459.00,54657.00,31997.00,1005119.00),(148,50,'Apr',2025,1655199.00,48592.00,16477.00,1687314.00),(149,94,'Jan',2025,371719.00,23349.00,37250.00,357818.00),(150,62,'Mar',2025,703779.00,75702.00,26594.00,752887.00),(151,193,'Jan',2025,1214651.00,97285.00,8983.00,1302953.00),(152,186,'Mar',2025,651693.00,35468.00,34190.00,652971.00),(153,14,'Mar',2025,1909442.00,60052.00,10417.00,1959077.00),(154,191,'Feb',2025,1495124.00,39032.00,12672.00,1521484.00),(155,137,'Apr',2025,1609552.00,18197.00,20210.00,1607539.00),(156,34,'Jan',2025,1412358.00,23965.00,25020.00,1411303.00),(157,60,'Feb',2025,503707.00,72324.00,16863.00,559168.00),(158,85,'Feb',2025,1802955.00,85922.00,24640.00,1864237.00),(159,87,'Apr',2025,1535626.00,86341.00,19393.00,1602574.00),(160,24,'Apr',2025,343799.00,80296.00,33851.00,390244.00),(161,151,'Apr',2025,1953732.00,78011.00,49981.00,1981762.00),(162,109,'Apr',2025,1825305.00,76194.00,21089.00,1880410.00),(163,146,'Mar',2025,1860550.00,20028.00,17425.00,1863153.00),(164,191,'Mar',2025,817786.00,57886.00,47375.00,828297.00),(165,110,'Jan',2025,1741703.00,23103.00,47111.00,1717695.00),(166,178,'Jan',2025,1878418.00,42650.00,35446.00,1885622.00),(167,28,'Apr',2025,1722287.00,35339.00,15078.00,1742548.00),(168,113,'Apr',2025,993485.00,90481.00,25500.00,1058466.00),(169,132,'Apr',2025,1295974.00,85158.00,32701.00,1348431.00),(170,5,'Feb',2025,1109595.00,35955.00,44483.00,1101067.00),(171,86,'Apr',2025,1231644.00,21035.00,37380.00,1215299.00),(172,194,'Mar',2025,1279650.00,46197.00,17251.00,1308596.00),(173,163,'Mar',2025,717522.00,31421.00,32891.00,716052.00),(174,171,'Apr',2025,1087458.00,64543.00,36534.00,1115467.00),(175,89,'Apr',2025,1081322.00,80151.00,18228.00,1143245.00),(176,136,'Mar',2025,633078.00,69910.00,19581.00,683407.00),(177,153,'Jan',2025,1287290.00,35832.00,41497.00,1281625.00),(178,53,'Feb',2025,1895147.00,92823.00,34496.00,1953474.00),(179,98,'Apr',2025,1755992.00,72535.00,7935.00,1820592.00),(180,113,'Mar',2025,597149.00,92598.00,42512.00,647235.00),(181,99,'Jan',2025,1672945.00,79092.00,28080.00,1723957.00),(182,69,'Feb',2025,1159707.00,34200.00,7015.00,1186892.00),(183,189,'Feb',2025,622355.00,61558.00,10518.00,673395.00),(184,60,'Apr',2025,1577628.00,43253.00,12822.00,1608059.00),(185,92,'Jan',2025,800450.00,29388.00,9432.00,820406.00),(186,21,'Apr',2025,494800.00,83596.00,17867.00,560529.00),(187,157,'Apr',2025,593652.00,20472.00,47335.00,566789.00),(188,160,'Feb',2025,678905.00,30253.00,45031.00,664127.00),(189,70,'Jan',2025,481529.00,50554.00,5927.00,526156.00),(190,85,'Apr',2025,861993.00,12696.00,27981.00,846708.00),(191,69,'Mar',2025,1040050.00,45293.00,12796.00,1072547.00),(192,116,'Apr',2025,1320844.00,80424.00,37331.00,1363937.00),(193,116,'Apr',2025,1704243.00,44564.00,44090.00,1704717.00),(194,40,'Feb',2025,652710.00,62166.00,18077.00,696799.00),(195,128,'Mar',2025,622508.00,98662.00,41148.00,680022.00),(196,154,'Apr',2025,1038043.00,82485.00,20012.00,1100516.00),(197,12,'Jan',2025,1621545.00,22912.00,18980.00,1625477.00),(198,187,'Jan',2025,1204241.00,79082.00,42703.00,1240620.00),(199,59,'Apr',2025,534748.00,66635.00,15313.00,586070.00),(200,37,'Mar',2025,1989477.00,25127.00,15194.00,1999410.00);
/*!40000 ALTER TABLE `payroll` ENABLE KEYS */;
UNLOCK TABLES;

--
-- Table structure for table `roles`
--

DROP TABLE IF EXISTS `roles`;
/*!40101 SET @saved_cs_client     = @@character_set_client */;
/*!50503 SET character_set_client = utf8mb4 */;
CREATE TABLE `roles` (
  `id` int NOT NULL AUTO_INCREMENT,
  `title` varchar(100) DEFAULT NULL,
  `level` varchar(50) DEFAULT NULL,
  `base_salary` decimal(10,2) DEFAULT NULL,
  PRIMARY KEY (`id`)
) ENGINE=InnoDB AUTO_INCREMENT=11 DEFAULT CHARSET=utf8mb4 COLLATE=utf8mb4_0900_ai_ci;
/*!40101 SET character_set_client = @saved_cs_client */;

--
-- Dumping data for table `roles`
--

LOCK TABLES `roles` WRITE;
/*!40000 ALTER TABLE `roles` DISABLE KEYS */;
INSERT INTO `roles` VALUES (1,'Software Engineer','Senior',457900.00),(2,'Manager','Junior',1428026.00),(3,'Analyst','Junior',362023.00),(4,'HR Executive','Mid',682608.00),(5,'Data Scientist','Junior',1178432.00),(6,'DevOps Engineer','Mid',1285417.00),(7,'QA Engineer','Mid',1674934.00),(8,'Product Manager','Senior',1376303.00),(9,'Designer','Senior',887199.00),(10,'Consultant','Senior',1661385.00);
/*!40000 ALTER TABLE `roles` ENABLE KEYS */;
UNLOCK TABLES;
SET @@SESSION.SQL_LOG_BIN = @MYSQLDUMP_TEMP_LOG_BIN;
/*!40103 SET TIME_ZONE=@OLD_TIME_ZONE */;

/*!40101 SET SQL_MODE=@OLD_SQL_MODE */;
/*!40014 SET FOREIGN_KEY_CHECKS=@OLD_FOREIGN_KEY_CHECKS */;
/*!40014 SET UNIQUE_CHECKS=@OLD_UNIQUE_CHECKS */;
/*!40101 SET CHARACTER_SET_CLIENT=@OLD_CHARACTER_SET_CLIENT */;
/*!40101 SET CHARACTER_SET_RESULTS=@OLD_CHARACTER_SET_RESULTS */;
/*!40101 SET COLLATION_CONNECTION=@OLD_COLLATION_CONNECTION */;
/*!40111 SET SQL_NOTES=@OLD_SQL_NOTES */;

-- Dump completed on 2026-04-03 13:53:16
